{
    "$schema": "https://schema.management.azure.com/schemas/2015-01-01/deploymentParameters.json#",
    "contentVersion": "1.0.0.0",
    "parameters": {
        "subscriptionId": {
            "value": "5dce613a-8079-4d2c-8039-b3046b810ee4"
        },
        "name": {
            "value": "theethawat-api"
        },
        "location": {
            "value": "Southeast Asia"
        },
        "hostingEnvironment": {
            "value": ""
        },
        "hostingPlanName": {
            "value": "ASP-TDCKhanomkaitod-86e3"
        },
        "serverFarmResourceGroup": {
            "value": "TDC-Khanomkaitod"
        },
        "alwaysOn": {
            "value": false
        },
        "sku": {
            "value": "Free"
        },
        "skuCode": {
            "value": "F1"
        },
        "workerSize": {
            "value": "0"
        },
        "workerSizeId": {
            "value": "0"
        },
        "numberOfWorkers": {
            "value": "1"
        },
        "linuxFxVersion": {
            "value": "NODE|12-lts"
        }
    }
}